review,Predicted Sentiment
The director created a beautiful and emotional story that kept me interested throughout the entire movie.,Positive
I found the film extremely boring and the characters were difficult to care about.,Negative
The performances were outstanding and the movie left me with a very positive feeling.,Positive
"The plot was messy, predictable, and poorly executed. I would not recommend this film.",Negative
This was a surprisingly enjoyable movie with great chemistry between the main characters.,Positive
The movie felt unnecessarily long and I lost interest before it even reached the ending.,Negative
"The soundtrack, visuals, and performances worked together perfectly to create an enjoyable experience.",Positive
"I expected much more from this film, but the weak writing made it a disappointing experience.",Negative
The story was inspiring and the final scene was emotional in the best possible way.,Positive
The acting was unconvincing and the dialogue felt awkward throughout the entire film.,Negative
