Trigram,Frequency
product please assist,6095
issue product please,6037
issue issue product,1091
problem issue product,763
compatibility issue product,749
request issue product,708
please assist product,629
data loss issue,506
loss issue product,502
software updates product,502
performed factory reset,502
factory reset product,502
reset product hoping,502
product hoping would,502
hoping would resolve,502
would resolve problem,502
resolve problem help,502
product issue persists,500
issue facing intermittent,499
facing intermittent sometimes,499
