Threshold,Precision,Recall,F1 Score
0.3,0.434010152284264,0.9144385026737968,0.5886402753872634
0.35,0.4494535519125683,0.8796791443850267,0.5949367088607594
0.4,0.46893491124260356,0.8475935828877005,0.6038095238095238
0.45,0.4936102236421725,0.8262032085561497,0.618
0.5,0.5181347150259067,0.8021390374331551,0.6295907660020986
0.55,0.5412667946257198,0.7540106951871658,0.6301675977653631
0.6,0.5714285714285714,0.7058823529411765,0.631578947368421
0.65,0.5932642487046632,0.6122994652406417,0.6026315789473684
0.7,0.6180124223602484,0.5320855614973262,0.5718390804597702
