Model,Input Hours,Output Hours,MAE,RMSE,MAPE (%),R²,Bias
Bi-LSTM Baseline,48,24,1582.634459,2276.957548,4.940600,0.875161,128.430575
Bi-LSTM + EarlyStopping,48,24,1396.554288,1976.800626,4.400636,0.905846,98.702275
Bi-LSTM + Dropout,48,24,1502.530172,2084.786017,4.818528,0.895278,442.751381
Bi-LSTM + Batch Normalization,48,24,1511.729743,2172.696028,4.768306,0.886260,260.862046
Bi-LSTM + RMSprop,48,24,1512.849730,2182.343391,4.778832,0.885248,414.772817
Bi-LSTM + SGD,48,24,1636.474868,2221.368615,5.197385,0.881107,53.065937
Bi-LSTM + RMSprop + Learning Rate,48,24,1420.526983,2015.660742,4.485103,0.902107,212.678310
Bi-LSTM + Additional Layers,48,24,1528.352646,2252.683629,4.773398,0.877731,44.360349
Bi-LSTM 128 Neurons,48,24,1516.972415,2215.393124,4.753814,0.881746,37.121012
Bi-LSTM Batch Size 32,48,24,1451.835887,2212.946221,4.694647,0.882007,131.278717
Bi-LSTM Batch Size 128,48,24,1444.093071,2112.429113,4.540035,0.892483,195.426659
Bi-LSTM Hyperparameter Tuned,48,24,1536.288583,2252.794589,4.823039,0.877719,326.265456
Bi-LSTM + Additional Lags,48,24,1573.511365,2277.877622,4.934511,0.875092,108.934917
